file.nam,rms_CA,scenario
11_paired_T232_CF_v1notemplatedropoutseed2rec21_8284a_unrelaxed_alphafold2_multimer_v1_model_1_seed_000.pdb,0,11
11_paired_T232_CF_v1notemplatedropoutseed2rec21_8284a_unrelaxed_alphafold2_multimer_v1_model_1_seed_001.pdb,1.272,11
11_paired_T232_CF_v1notemplatedropoutseed2rec21_8284a_unrelaxed_alphafold2_multimer_v1_model_2_seed_000.pdb,1.854,11
11_paired_T232_CF_v1notemplatedropoutseed2rec21_8284a_unrelaxed_alphafold2_multimer_v1_model_2_seed_001.pdb,1.846,11
11_paired_T232_CF_v1notemplatedropoutseed2rec21_8284a_unrelaxed_alphafold2_multimer_v1_model_3_seed_000.pdb,3.398,11
11_paired_T232_CF_v1notemplatedropoutseed2rec21_8284a_unrelaxed_alphafold2_multimer_v1_model_3_seed_001.pdb,3.117,11
11_paired_T232_CF_v1notemplatedropoutseed2rec21_8284a_unrelaxed_alphafold2_multimer_v1_model_4_seed_000.pdb,2.779,11
11_paired_T232_CF_v1notemplatedropoutseed2rec21_8284a_unrelaxed_alphafold2_multimer_v1_model_4_seed_001.pdb,3.596,11
11_paired_T232_CF_v1notemplatedropoutseed2rec21_8284a_unrelaxed_alphafold2_multimer_v1_model_5_seed_000.pdb,3.741,11
11_paired_T232_CF_v1notemplatedropoutseed2rec21_8284a_unrelaxed_alphafold2_multimer_v1_model_5_seed_001.pdb,0.929,11
1_unrelaxed_model_1_multimer__1.pdb,3.589,1
1_unrelaxed_model_1_multimer__2.pdb,4.51,1
1_unrelaxed_model_1_multimer__3.pdb,3.706,1
1_unrelaxed_model_1_multimer__4.pdb,3.169,1
1_unrelaxed_model_1_multimer__5.pdb,3.31,1
1_unrelaxed_model_2_multimer__1.pdb,3.924,1
1_unrelaxed_model_2_multimer__2.pdb,3.544,1
1_unrelaxed_model_2_multimer__3.pdb,3.343,1
1_unrelaxed_model_2_multimer__4.pdb,2.916,1
1_unrelaxed_model_2_multimer__5.pdb,2.79,1
1_unrelaxed_model_3_multimer__1.pdb,3.668,1
1_unrelaxed_model_3_multimer__2.pdb,4.238,1
1_unrelaxed_model_3_multimer__3.pdb,3.38,1
1_unrelaxed_model_3_multimer__4.pdb,3.312,1
1_unrelaxed_model_3_multimer__5.pdb,2.99,1
1_unrelaxed_model_4_multimer__1.pdb,5.086,1
1_unrelaxed_model_4_multimer__2.pdb,5.561,1
1_unrelaxed_model_4_multimer__3.pdb,4.548,1
1_unrelaxed_model_4_multimer__4.pdb,4.266,1
1_unrelaxed_model_4_multimer__5.pdb,4.814,1
1_unrelaxed_model_5_multimer__1.pdb,4.924,1
1_unrelaxed_model_5_multimer__2.pdb,4.438,1
1_unrelaxed_model_5_multimer__3.pdb,5.258,1
1_unrelaxed_model_5_multimer__4.pdb,5.739,1
1_unrelaxed_model_5_multimer__5.pdb,5.293,1
2_unrelaxed_model_1_multimer_v2__1.pdb,5.477,2
2_unrelaxed_model_1_multimer_v2__2.pdb,4.952,2
2_unrelaxed_model_1_multimer_v2__3.pdb,5.161,2
2_unrelaxed_model_1_multimer_v2__4.pdb,5.141,2
2_unrelaxed_model_1_multimer_v2__5.pdb,5.862,2
2_unrelaxed_model_2_multimer_v2__1.pdb,5.374,2
2_unrelaxed_model_2_multimer_v2__2.pdb,5.099,2
2_unrelaxed_model_2_multimer_v2__3.pdb,5.314,2
2_unrelaxed_model_2_multimer_v2__4.pdb,5.526,2
2_unrelaxed_model_2_multimer_v2__5.pdb,5.222,2
2_unrelaxed_model_3_multimer_v2__1.pdb,5.804,2
2_unrelaxed_model_3_multimer_v2__2.pdb,5.689,2
2_unrelaxed_model_3_multimer_v2__3.pdb,5.506,2
2_unrelaxed_model_3_multimer_v2__4.pdb,5.281,2
2_unrelaxed_model_3_multimer_v2__5.pdb,5.667,2
2_unrelaxed_model_4_multimer_v2__1.pdb,5.205,2
2_unrelaxed_model_4_multimer_v2__2.pdb,4.486,2
2_unrelaxed_model_4_multimer_v2__3.pdb,4.622,2
2_unrelaxed_model_4_multimer_v2__4.pdb,4.872,2
2_unrelaxed_model_4_multimer_v2__5.pdb,4.155,2
2_unrelaxed_model_5_multimer_v2__1.pdb,5.149,2
2_unrelaxed_model_5_multimer_v2__2.pdb,4.735,2
2_unrelaxed_model_5_multimer_v2__3.pdb,4.574,2
2_unrelaxed_model_5_multimer_v2__4.pdb,4.85,2
2_unrelaxed_model_5_multimer_v2__5.pdb,4.992,2
3_t232CFv3dropouttemplateseed2cy3_8284a_unrelaxed_rank_001_alphafold2_multimer_v3_model_3_seed_001.pdb,5.166,3
3_t232CFv3dropouttemplateseed2cy3_8284a_unrelaxed_rank_002_alphafold2_multimer_v3_model_5_seed_001.pdb,6.754,3
3_t232CFv3dropouttemplateseed2cy3_8284a_unrelaxed_rank_003_alphafold2_multimer_v3_model_5_seed_000.pdb,6.036,3
3_t232CFv3dropouttemplateseed2cy3_8284a_unrelaxed_rank_004_alphafold2_multimer_v3_model_1_seed_001.pdb,4.606,3
3_t232CFv3dropouttemplateseed2cy3_8284a_unrelaxed_rank_005_alphafold2_multimer_v3_model_1_seed_000.pdb,4.582,3
3_t232CFv3dropouttemplateseed2cy3_8284a_unrelaxed_rank_006_alphafold2_multimer_v3_model_4_seed_000.pdb,5.534,3
3_t232CFv3dropouttemplateseed2cy3_8284a_unrelaxed_rank_007_alphafold2_multimer_v3_model_4_seed_001.pdb,4.601,3
3_t232CFv3dropouttemplateseed2cy3_8284a_unrelaxed_rank_008_alphafold2_multimer_v3_model_3_seed_000.pdb,4.997,3
3_t232CFv3dropouttemplateseed2cy3_8284a_unrelaxed_rank_009_alphafold2_multimer_v3_model_2_seed_001.pdb,5.059,3
3_t232CFv3dropouttemplateseed2cy3_8284a_unrelaxed_rank_010_alphafold2_multimer_v3_model_2_seed_000.pdb,4.683,3
4_unrelaxed_model_1_multimer_no_templates_1.pdb,3.305,4
4_unrelaxed_model_1_multimer_no_templates_2.pdb,2.274,4
4_unrelaxed_model_1_multimer_no_templates_3.pdb,2.467,4
4_unrelaxed_model_1_multimer_no_templates_4.pdb,2.827,4
4_unrelaxed_model_1_multimer_no_templates_5.pdb,3.184,4
4_unrelaxed_model_2_multimer_no_templates_1.pdb,2.88,4
4_unrelaxed_model_2_multimer_no_templates_2.pdb,2.825,4
4_unrelaxed_model_2_multimer_no_templates_3.pdb,2.754,4
4_unrelaxed_model_2_multimer_no_templates_4.pdb,3.017,4
4_unrelaxed_model_2_multimer_no_templates_5.pdb,2.179,4
4_unrelaxed_model_3_multimer_no_templates_1.pdb,2.806,4
4_unrelaxed_model_3_multimer_no_templates_2.pdb,2.04,4
4_unrelaxed_model_3_multimer_no_templates_3.pdb,2.937,4
4_unrelaxed_model_3_multimer_no_templates_4.pdb,2.745,4
4_unrelaxed_model_3_multimer_no_templates_5.pdb,3.227,4
4_unrelaxed_model_4_multimer_no_templates_1.pdb,3.815,4
4_unrelaxed_model_4_multimer_no_templates_2.pdb,4.378,4
4_unrelaxed_model_4_multimer_no_templates_3.pdb,4.367,4
4_unrelaxed_model_4_multimer_no_templates_4.pdb,4.75,4
4_unrelaxed_model_4_multimer_no_templates_5.pdb,3.211,4
4_unrelaxed_model_5_multimer_no_templates_1.pdb,5.715,4
4_unrelaxed_model_5_multimer_no_templates_2.pdb,3.15,4
4_unrelaxed_model_5_multimer_no_templates_3.pdb,3.773,4
4_unrelaxed_model_5_multimer_no_templates_4.pdb,4.269,4
4_unrelaxed_model_5_multimer_no_templates_5.pdb,4.738,4
5_unrelaxed_model_1_multimer_v2_no_templates_1.pdb,4.33,5
5_unrelaxed_model_1_multimer_v2_no_templates_2.pdb,4.765,5
5_unrelaxed_model_1_multimer_v2_no_templates_3.pdb,4.56,5
5_unrelaxed_model_1_multimer_v2_no_templates_4.pdb,4.183,5
5_unrelaxed_model_1_multimer_v2_no_templates_5.pdb,4.408,5
5_unrelaxed_model_2_multimer_v2_no_templates_1.pdb,4.505,5
5_unrelaxed_model_2_multimer_v2_no_templates_2.pdb,4.676,5
5_unrelaxed_model_2_multimer_v2_no_templates_3.pdb,4.897,5
5_unrelaxed_model_2_multimer_v2_no_templates_4.pdb,5.512,5
5_unrelaxed_model_2_multimer_v2_no_templates_5.pdb,4.52,5
5_unrelaxed_model_3_multimer_v2_no_templates_1.pdb,4.996,5
5_unrelaxed_model_3_multimer_v2_no_templates_2.pdb,4.815,5
5_unrelaxed_model_3_multimer_v2_no_templates_3.pdb,4.833,5
5_unrelaxed_model_3_multimer_v2_no_templates_4.pdb,4.754,5
5_unrelaxed_model_3_multimer_v2_no_templates_5.pdb,4.91,5
5_unrelaxed_model_4_multimer_v2_no_templates_1.pdb,4.102,5
5_unrelaxed_model_4_multimer_v2_no_templates_2.pdb,4.961,5
5_unrelaxed_model_4_multimer_v2_no_templates_3.pdb,4.45,5
5_unrelaxed_model_4_multimer_v2_no_templates_4.pdb,3.823,5
5_unrelaxed_model_4_multimer_v2_no_templates_5.pdb,4.56,5
5_unrelaxed_model_5_multimer_v2_no_templates_1.pdb,3.735,5
5_unrelaxed_model_5_multimer_v2_no_templates_2.pdb,3.601,5
5_unrelaxed_model_5_multimer_v2_no_templates_3.pdb,3.947,5
5_unrelaxed_model_5_multimer_v2_no_templates_4.pdb,4.013,5
5_unrelaxed_model_5_multimer_v2_no_templates_5.pdb,4.025,5
6_t232CFv3dropoutnotemplateseed2cy3_8284a_unrelaxed_rank_001_alphafold2_multimer_v3_model_5_seed_001.pdb,4.379,6
6_t232CFv3dropoutnotemplateseed2cy3_8284a_unrelaxed_rank_002_alphafold2_multimer_v3_model_4_seed_001.pdb,4.062,6
6_t232CFv3dropoutnotemplateseed2cy3_8284a_unrelaxed_rank_003_alphafold2_multimer_v3_model_3_seed_001.pdb,5.039,6
6_t232CFv3dropoutnotemplateseed2cy3_8284a_unrelaxed_rank_004_alphafold2_multimer_v3_model_5_seed_000.pdb,6.186,6
6_t232CFv3dropoutnotemplateseed2cy3_8284a_unrelaxed_rank_005_alphafold2_multimer_v3_model_4_seed_000.pdb,5.679,6
6_t232CFv3dropoutnotemplateseed2cy3_8284a_unrelaxed_rank_006_alphafold2_multimer_v3_model_3_seed_000.pdb,5.504,6
6_t232CFv3dropoutnotemplateseed2cy3_8284a_unrelaxed_rank_007_alphafold2_multimer_v3_model_1_seed_001.pdb,5.179,6
6_t232CFv3dropoutnotemplateseed2cy3_8284a_unrelaxed_rank_008_alphafold2_multimer_v3_model_1_seed_000.pdb,3.986,6
6_t232CFv3dropoutnotemplateseed2cy3_8284a_unrelaxed_rank_009_alphafold2_multimer_v3_model_2_seed_001.pdb,4.331,6
6_t232CFv3dropoutnotemplateseed2cy3_8284a_unrelaxed_rank_010_alphafold2_multimer_v3_model_2_seed_000.pdb,4.848,6
7_unrelaxed_model_1_multimer_no_templates_r21_1.pdb,1.63,7
7_unrelaxed_model_1_multimer_no_templates_r21_10.pdb,2.293,7
7_unrelaxed_model_1_multimer_no_templates_r21_2.pdb,1.533,7
7_unrelaxed_model_1_multimer_no_templates_r21_3.pdb,1.754,7
7_unrelaxed_model_1_multimer_no_templates_r21_4.pdb,1.831,7
7_unrelaxed_model_1_multimer_no_templates_r21_5.pdb,2.669,7
7_unrelaxed_model_1_multimer_no_templates_r21_6.pdb,1.632,7
7_unrelaxed_model_1_multimer_no_templates_r21_7.pdb,1.492,7
7_unrelaxed_model_1_multimer_no_templates_r21_8.pdb,1.467,7
7_unrelaxed_model_1_multimer_no_templates_r21_9.pdb,1.584,7
7_unrelaxed_model_2_multimer_no_templates_r21_1.pdb,1.302,7
7_unrelaxed_model_2_multimer_no_templates_r21_10.pdb,1.938,7
7_unrelaxed_model_2_multimer_no_templates_r21_2.pdb,1.917,7
7_unrelaxed_model_2_multimer_no_templates_r21_3.pdb,2.246,7
7_unrelaxed_model_2_multimer_no_templates_r21_4.pdb,1.626,7
7_unrelaxed_model_2_multimer_no_templates_r21_5.pdb,2.04,7
7_unrelaxed_model_2_multimer_no_templates_r21_6.pdb,1.718,7
7_unrelaxed_model_2_multimer_no_templates_r21_7.pdb,1.413,7
7_unrelaxed_model_2_multimer_no_templates_r21_8.pdb,1.849,7
7_unrelaxed_model_2_multimer_no_templates_r21_9.pdb,1.429,7
7_unrelaxed_model_3_multimer_no_templates_r21_1.pdb,1.483,7
7_unrelaxed_model_3_multimer_no_templates_r21_10.pdb,1.539,7
7_unrelaxed_model_3_multimer_no_templates_r21_2.pdb,1.414,7
7_unrelaxed_model_3_multimer_no_templates_r21_3.pdb,1.789,7
7_unrelaxed_model_3_multimer_no_templates_r21_4.pdb,1.305,7
7_unrelaxed_model_3_multimer_no_templates_r21_5.pdb,1.804,7
7_unrelaxed_model_3_multimer_no_templates_r21_6.pdb,1.467,7
7_unrelaxed_model_3_multimer_no_templates_r21_7.pdb,1.527,7
7_unrelaxed_model_3_multimer_no_templates_r21_8.pdb,1.639,7
7_unrelaxed_model_3_multimer_no_templates_r21_9.pdb,1.723,7
7_unrelaxed_model_4_multimer_no_templates_r21_1.pdb,2.039,7
7_unrelaxed_model_4_multimer_no_templates_r21_10.pdb,1.359,7
7_unrelaxed_model_4_multimer_no_templates_r21_2.pdb,1.286,7
7_unrelaxed_model_4_multimer_no_templates_r21_3.pdb,3.665,7
7_unrelaxed_model_4_multimer_no_templates_r21_4.pdb,3.694,7
7_unrelaxed_model_4_multimer_no_templates_r21_5.pdb,2.016,7
7_unrelaxed_model_4_multimer_no_templates_r21_6.pdb,1.311,7
7_unrelaxed_model_4_multimer_no_templates_r21_7.pdb,2.952,7
7_unrelaxed_model_4_multimer_no_templates_r21_8.pdb,2.915,7
7_unrelaxed_model_4_multimer_no_templates_r21_9.pdb,3.434,7
7_unrelaxed_model_5_multimer_no_templates_r21_1.pdb,4.263,7
7_unrelaxed_model_5_multimer_no_templates_r21_10.pdb,3.489,7
7_unrelaxed_model_5_multimer_no_templates_r21_2.pdb,3.581,7
7_unrelaxed_model_5_multimer_no_templates_r21_3.pdb,2.559,7
7_unrelaxed_model_5_multimer_no_templates_r21_4.pdb,1.803,7
7_unrelaxed_model_5_multimer_no_templates_r21_5.pdb,1.871,7
7_unrelaxed_model_5_multimer_no_templates_r21_6.pdb,3.561,7
7_unrelaxed_model_5_multimer_no_templates_r21_7.pdb,2.774,7
7_unrelaxed_model_5_multimer_no_templates_r21_8.pdb,3.59,7
7_unrelaxed_model_5_multimer_no_templates_r21_9.pdb,3.153,7
8_unrelaxed_model_1_multimer_v2_no_templates_r9_1.pdb,3.938,8
8_unrelaxed_model_1_multimer_v2_no_templates_r9_10.pdb,4.827,8
8_unrelaxed_model_1_multimer_v2_no_templates_r9_2.pdb,4.357,8
8_unrelaxed_model_1_multimer_v2_no_templates_r9_3.pdb,4.536,8
8_unrelaxed_model_1_multimer_v2_no_templates_r9_4.pdb,3.861,8
8_unrelaxed_model_1_multimer_v2_no_templates_r9_5.pdb,3.578,8
8_unrelaxed_model_1_multimer_v2_no_templates_r9_6.pdb,4.189,8
8_unrelaxed_model_1_multimer_v2_no_templates_r9_7.pdb,6.076,8
8_unrelaxed_model_1_multimer_v2_no_templates_r9_8.pdb,4.605,8
8_unrelaxed_model_1_multimer_v2_no_templates_r9_9.pdb,5.288,8
8_unrelaxed_model_2_multimer_v2_no_templates_r9_1.pdb,4.196,8
8_unrelaxed_model_2_multimer_v2_no_templates_r9_10.pdb,4.11,8
8_unrelaxed_model_2_multimer_v2_no_templates_r9_2.pdb,4.684,8
8_unrelaxed_model_2_multimer_v2_no_templates_r9_3.pdb,4.315,8
8_unrelaxed_model_2_multimer_v2_no_templates_r9_4.pdb,4.707,8
8_unrelaxed_model_2_multimer_v2_no_templates_r9_5.pdb,3.075,8
8_unrelaxed_model_2_multimer_v2_no_templates_r9_6.pdb,3.984,8
8_unrelaxed_model_2_multimer_v2_no_templates_r9_7.pdb,4.133,8
8_unrelaxed_model_2_multimer_v2_no_templates_r9_8.pdb,4.912,8
8_unrelaxed_model_2_multimer_v2_no_templates_r9_9.pdb,3.959,8
8_unrelaxed_model_3_multimer_v2_no_templates_r9_1.pdb,5,8
8_unrelaxed_model_3_multimer_v2_no_templates_r9_10.pdb,4.421,8
8_unrelaxed_model_3_multimer_v2_no_templates_r9_2.pdb,4.367,8
8_unrelaxed_model_3_multimer_v2_no_templates_r9_3.pdb,4.154,8
8_unrelaxed_model_3_multimer_v2_no_templates_r9_4.pdb,4.358,8
8_unrelaxed_model_3_multimer_v2_no_templates_r9_5.pdb,4.39,8
8_unrelaxed_model_3_multimer_v2_no_templates_r9_6.pdb,11.737,8
8_unrelaxed_model_3_multimer_v2_no_templates_r9_7.pdb,7.411,8
8_unrelaxed_model_3_multimer_v2_no_templates_r9_8.pdb,5.68,8
8_unrelaxed_model_3_multimer_v2_no_templates_r9_9.pdb,4.323,8
8_unrelaxed_model_4_multimer_v2_no_templates_r9_1.pdb,3.92,8
8_unrelaxed_model_4_multimer_v2_no_templates_r9_10.pdb,3.321,8
8_unrelaxed_model_4_multimer_v2_no_templates_r9_2.pdb,4.203,8
8_unrelaxed_model_4_multimer_v2_no_templates_r9_3.pdb,3.024,8
8_unrelaxed_model_4_multimer_v2_no_templates_r9_4.pdb,3.141,8
8_unrelaxed_model_4_multimer_v2_no_templates_r9_5.pdb,2.927,8
8_unrelaxed_model_4_multimer_v2_no_templates_r9_6.pdb,3.171,8
8_unrelaxed_model_4_multimer_v2_no_templates_r9_7.pdb,3.619,8
8_unrelaxed_model_4_multimer_v2_no_templates_r9_8.pdb,3.378,8
8_unrelaxed_model_4_multimer_v2_no_templates_r9_9.pdb,3.277,8
8_unrelaxed_model_5_multimer_v2_no_templates_r9_1.pdb,4.072,8
8_unrelaxed_model_5_multimer_v2_no_templates_r9_10.pdb,3.437,8
8_unrelaxed_model_5_multimer_v2_no_templates_r9_2.pdb,3.964,8
8_unrelaxed_model_5_multimer_v2_no_templates_r9_3.pdb,3.729,8
8_unrelaxed_model_5_multimer_v2_no_templates_r9_4.pdb,3.315,8
8_unrelaxed_model_5_multimer_v2_no_templates_r9_5.pdb,3.844,8
8_unrelaxed_model_5_multimer_v2_no_templates_r9_6.pdb,3.506,8
8_unrelaxed_model_5_multimer_v2_no_templates_r9_7.pdb,3.888,8
8_unrelaxed_model_5_multimer_v2_no_templates_r9_8.pdb,3.208,8
8_unrelaxed_model_5_multimer_v2_no_templates_r9_9.pdb,3.323,8