file.nam,cdrh1,cdrh2,cdrh3,cdrl1,cdrl2,cdrl3
../T233-native-rechained.pdb,0,0,0,0,0,0
AF3_rank0.pdb,3.902,1.909,4.252,5.03,1.736,4.117
AF3_rank1.pdb,3.89,1.895,4.215,4.989,1.725,4.077
AF3_rank2.pdb,3.874,1.883,4.179,4.964,1.713,4.05
AF3_rank3.pdb,3.811,1.863,4.146,4.891,1.696,4.005
AF3_rank4.pdb,3.78,1.846,4.107,4.864,1.678,3.981
T233_V1_dropout_temp_rec3_seed2_bcf03_unrelaxed_rank_001_alphafold2_multimer_v1_model_5_seed_001.pdb,3.657,1.815,4.09,4.713,1.602,3.938
T233_V1_dropout_temp_rec3_seed2_bcf03_unrelaxed_rank_002_alphafold2_multimer_v1_model_4_seed_000.pdb,3.672,1.807,4.02,4.711,1.6,3.934
T233_V1_dropout_temp_rec3_seed2_bcf03_unrelaxed_rank_003_alphafold2_multimer_v1_model_2_seed_000.pdb,3.649,1.77,4,4.688,1.575,3.849
T233_V1_dropout_temp_rec3_seed2_bcf03_unrelaxed_rank_004_alphafold2_multimer_v1_model_2_seed_001.pdb,3.598,1.768,3.977,4.635,1.557,3.822
T233_V1_dropout_temp_rec3_seed2_bcf03_unrelaxed_rank_005_alphafold2_multimer_v1_model_4_seed_001.pdb,3.524,1.758,3.929,4.567,1.547,3.82
T233_V1_dropout_temp_rec3_seed2_bcf03_unrelaxed_rank_006_alphafold2_multimer_v1_model_3_seed_001.pdb,3.524,1.748,3.936,4.53,1.544,3.759
T233_V1_dropout_temp_rec3_seed2_bcf03_unrelaxed_rank_007_alphafold2_multimer_v1_model_5_seed_000.pdb,3.549,1.723,3.882,4.566,1.529,3.735
T233_V1_dropout_temp_rec3_seed2_bcf03_unrelaxed_rank_008_alphafold2_multimer_v1_model_3_seed_000.pdb,3.502,1.709,3.851,4.481,1.522,3.699
T233_V1_dropout_temp_rec3_seed2_bcf03_unrelaxed_rank_009_alphafold2_multimer_v1_model_1_seed_000.pdb,3.534,1.693,3.817,4.5,1.518,3.675
T233_V1_dropout_temp_rec3_seed2_bcf03_unrelaxed_rank_010_alphafold2_multimer_v1_model_1_seed_001.pdb,3.432,1.689,3.783,4.417,1.496,3.643
T233_V2_dropout_temp_rec3_seed2_bcf03_unrelaxed_rank_001_alphafold2_multimer_v2_model_3_seed_000.pdb,3.486,1.674,3.773,4.442,1.525,3.585
T233_V2_dropout_temp_rec3_seed2_bcf03_unrelaxed_rank_002_alphafold2_multimer_v2_model_2_seed_001.pdb,3.442,1.687,3.73,4.383,1.537,3.585
T233_V2_dropout_temp_rec3_seed2_bcf03_unrelaxed_rank_003_alphafold2_multimer_v2_model_1_seed_001.pdb,3.423,1.665,3.709,4.324,1.526,3.561
T233_V2_dropout_temp_rec3_seed2_bcf03_unrelaxed_rank_004_alphafold2_multimer_v2_model_2_seed_000.pdb,3.378,1.645,3.67,4.313,1.493,3.511
T233_V2_dropout_temp_rec3_seed2_bcf03_unrelaxed_rank_005_alphafold2_multimer_v2_model_5_seed_000.pdb,3.391,1.626,3.652,4.295,1.472,3.48
T233_V2_dropout_temp_rec3_seed2_bcf03_unrelaxed_rank_006_alphafold2_multimer_v2_model_4_seed_000.pdb,3.369,1.596,3.603,4.269,1.453,3.462
T233_V2_dropout_temp_rec3_seed2_bcf03_unrelaxed_rank_007_alphafold2_multimer_v2_model_5_seed_001.pdb,3.302,1.606,3.592,4.195,1.47,3.427
T233_V2_dropout_temp_rec3_seed2_bcf03_unrelaxed_rank_008_alphafold2_multimer_v2_model_1_seed_000.pdb,3.313,1.574,3.552,4.18,1.433,3.403
T233_V2_dropout_temp_rec3_seed2_bcf03_unrelaxed_rank_009_alphafold2_multimer_v2_model_3_seed_001.pdb,3.264,1.574,3.529,4.13,1.444,3.366
T233_V2_dropout_temp_rec3_seed2_bcf03_unrelaxed_rank_010_alphafold2_multimer_v2_model_4_seed_001.pdb,3.254,1.56,3.51,4.108,1.442,3.35
t233-acceptable-cluster1_1.pdb,2.954,1.54,3.452,3.886,1.478,3.324
t233-acceptable-cluster1_1_af2rank.pdb,3.017,1.462,3.385,3.866,1.386,3.294
t233-medium-cluster1_1.pdb,2.94,1.505,3.391,3.961,1.403,3.28
t233-medium-cluster1_1_af2rank.pdb,2.972,1.451,3.346,3.858,1.375,3.232
t233-scenario10_0_unrelaxed_rank_001_alphafold2_multimer_v3_model_1_seed_001.pdb,3.06,1.468,3.332,3.91,1.36,3.215
t233-scenario10_0_unrelaxed_rank_002_alphafold2_multimer_v3_model_5_seed_001.pdb,3.005,1.451,3.274,3.871,1.34,3.193
t233-scenario10_0_unrelaxed_rank_003_alphafold2_multimer_v3_model_4_seed_000.pdb,2.992,1.431,3.26,3.835,1.328,3.165
t233-scenario10_0_unrelaxed_rank_004_alphafold2_multimer_v3_model_4_seed_001.pdb,2.967,1.424,3.227,3.814,1.316,3.153
t233-scenario10_0_unrelaxed_rank_005_alphafold2_multimer_v3_model_3_seed_001.pdb,2.946,1.405,3.181,3.775,1.28,3.098
t233-scenario10_0_unrelaxed_rank_006_alphafold2_multimer_v3_model_2_seed_000.pdb,2.957,1.395,3.181,3.793,1.286,3.082
t233-scenario10_0_unrelaxed_rank_007_alphafold2_multimer_v3_model_2_seed_001.pdb,2.896,1.388,3.15,3.725,1.278,3.061
t233-scenario10_0_unrelaxed_rank_008_alphafold2_multimer_v3_model_1_seed_000.pdb,2.886,1.382,3.129,3.688,1.28,3.021
t233-scenario10_0_unrelaxed_rank_009_alphafold2_multimer_v3_model_5_seed_000.pdb,2.827,1.368,3.087,3.619,1.266,2.996
t233-scenario10_0_unrelaxed_rank_010_alphafold2_multimer_v3_model_3_seed_000.pdb,2.835,1.346,3.053,3.62,1.242,2.975
t233-scenario11_0_unrelaxed_rank_001_alphafold2_multimer_v1_model_5_seed_000.pdb,2.877,1.462,3.066,3.685,1.267,2.926
t233-scenario11_0_unrelaxed_rank_002_alphafold2_multimer_v1_model_1_seed_000.pdb,2.89,1.448,3.025,3.687,1.261,2.925
t233-scenario11_0_unrelaxed_rank_003_alphafold2_multimer_v1_model_5_seed_001.pdb,2.83,1.424,3.005,3.581,1.247,2.917
t233-scenario11_0_unrelaxed_rank_004_alphafold2_multimer_v1_model_1_seed_001.pdb,2.842,1.415,2.972,3.612,1.238,2.873
t233-scenario11_0_unrelaxed_rank_005_alphafold2_multimer_v1_model_2_seed_000.pdb,2.712,1.309,2.953,3.491,1.156,2.825
t233-scenario11_0_unrelaxed_rank_006_alphafold2_multimer_v1_model_3_seed_000.pdb,2.729,1.397,2.935,3.493,1.203,2.811
t233-scenario11_0_unrelaxed_rank_007_alphafold2_multimer_v1_model_3_seed_001.pdb,2.744,1.382,2.899,3.469,1.212,2.794
t233-scenario11_0_unrelaxed_rank_008_alphafold2_multimer_v1_model_4_seed_000.pdb,2.718,1.373,2.865,3.499,1.185,2.778
t233-scenario11_0_unrelaxed_rank_009_alphafold2_multimer_v1_model_2_seed_001.pdb,2.679,1.347,2.844,3.418,1.187,2.745
t233-scenario11_0_unrelaxed_rank_010_alphafold2_multimer_v1_model_4_seed_001.pdb,2.708,1.364,2.82,3.444,1.176,2.729
t233-scenario3_0_unrelaxed_rank_001_alphafold2_multimer_v3_model_4_seed_001.pdb,2.622,1.271,2.821,3.305,1.171,2.745
t233-scenario3_0_unrelaxed_rank_002_alphafold2_multimer_v3_model_4_seed_000.pdb,2.601,1.271,2.802,3.287,1.148,2.72
t233-scenario3_0_unrelaxed_rank_003_alphafold2_multimer_v3_model_2_seed_000.pdb,2.546,1.257,2.771,3.227,1.125,2.694
t233-scenario3_0_unrelaxed_rank_004_alphafold2_multimer_v3_model_1_seed_000.pdb,2.509,1.254,2.757,3.212,1.11,2.671
t233-scenario3_0_unrelaxed_rank_005_alphafold2_multimer_v3_model_5_seed_001.pdb,2.525,1.243,2.724,3.202,1.121,2.627
t233-scenario3_0_unrelaxed_rank_006_alphafold2_multimer_v3_model_3_seed_000.pdb,2.504,1.22,2.696,3.169,1.09,2.602
t233-scenario3_0_unrelaxed_rank_007_alphafold2_multimer_v3_model_3_seed_001.pdb,2.453,1.209,2.67,3.097,1.094,2.595
t233-scenario3_0_unrelaxed_rank_008_alphafold2_multimer_v3_model_1_seed_001.pdb,2.44,1.204,2.665,3.079,1.093,2.575
t233-scenario3_0_unrelaxed_rank_009_alphafold2_multimer_v3_model_2_seed_001.pdb,2.439,1.2,2.632,3.075,1.083,2.574
t233-scenario3_0_unrelaxed_rank_010_alphafold2_multimer_v3_model_5_seed_000.pdb,2.413,1.175,2.621,3.055,1.046,2.505
t233-scenario4_0_unrelaxed_rank_001_alphafold2_multimer_v1_model_5_seed_001.pdb,2.404,1.237,2.604,3.108,1.022,2.483
t233-scenario4_0_unrelaxed_rank_002_alphafold2_multimer_v1_model_3_seed_001.pdb,2.325,1.128,2.592,3.008,0.978,2.462
t233-scenario4_0_unrelaxed_rank_003_alphafold2_multimer_v1_model_5_seed_000.pdb,2.369,1.109,2.545,3.04,0.955,2.456
t233-scenario4_0_unrelaxed_rank_004_alphafold2_multimer_v1_model_4_seed_000.pdb,2.326,1.097,2.507,3.035,0.954,2.44
t233-scenario4_0_unrelaxed_rank_005_alphafold2_multimer_v1_model_2_seed_000.pdb,2.309,1.079,2.5,2.989,0.933,2.403
t233-scenario4_0_unrelaxed_rank_006_alphafold2_multimer_v1_model_3_seed_000.pdb,2.288,1.076,2.488,2.966,0.937,2.384
t233-scenario4_0_unrelaxed_rank_007_alphafold2_multimer_v1_model_2_seed_001.pdb,2.279,1.119,2.484,2.948,0.987,2.347
t233-scenario4_0_unrelaxed_rank_008_alphafold2_multimer_v1_model_1_seed_000.pdb,2.293,1.065,2.447,2.943,0.93,2.341
t233-scenario4_0_unrelaxed_rank_009_alphafold2_multimer_v1_model_1_seed_001.pdb,2.317,1.192,2.432,2.989,0.986,2.326
t233-scenario4_0_unrelaxed_rank_010_alphafold2_multimer_v1_model_4_seed_001.pdb,2.249,1.125,2.405,2.934,0.968,2.313
t233-scenario5_0_unrelaxed_rank_001_alphafold2_multimer_v2_model_4_seed_001.pdb,2.212,1.053,2.415,2.847,0.98,2.279
t233-scenario5_0_unrelaxed_rank_002_alphafold2_multimer_v2_model_3_seed_001.pdb,2.182,1.047,2.377,2.779,0.965,2.26
t233-scenario5_0_unrelaxed_rank_003_alphafold2_multimer_v2_model_2_seed_001.pdb,2.158,1.037,2.38,2.766,0.956,2.249
t233-scenario5_0_unrelaxed_rank_004_alphafold2_multimer_v2_model_1_seed_001.pdb,2.173,1.034,2.364,2.74,0.961,2.234
t233-scenario5_0_unrelaxed_rank_005_alphafold2_multimer_v2_model_1_seed_000.pdb,2.183,1.016,2.322,2.728,0.908,2.221
t233-scenario5_0_unrelaxed_rank_006_alphafold2_multimer_v2_model_4_seed_000.pdb,2.144,1.007,2.302,2.722,0.903,2.185
t233-scenario5_0_unrelaxed_rank_007_alphafold2_multimer_v2_model_2_seed_000.pdb,2.122,0.995,2.282,2.688,0.891,2.165
t233-scenario5_0_unrelaxed_rank_008_alphafold2_multimer_v2_model_3_seed_000.pdb,2.111,0.98,2.267,2.685,0.882,2.123
t233-scenario5_0_unrelaxed_rank_009_alphafold2_multimer_v2_model_5_seed_000.pdb,2.121,0.983,2.248,2.649,0.865,2.125
t233-scenario5_0_unrelaxed_rank_010_alphafold2_multimer_v2_model_5_seed_001.pdb,2.049,0.971,2.234,2.596,0.889,2.119
t233-scenario6_0_unrelaxed_rank_001_alphafold2_multimer_v3_model_5_seed_000.pdb,1.99,0.973,2.184,2.544,0.865,2.127
t233-scenario6_0_unrelaxed_rank_002_alphafold2_multimer_v3_model_3_seed_000.pdb,2.026,0.951,2.155,2.564,0.849,2.097
t233-scenario6_0_unrelaxed_rank_003_alphafold2_multimer_v3_model_2_seed_000.pdb,2.016,0.963,2.147,2.557,0.857,2.085
t233-scenario6_0_unrelaxed_rank_004_alphafold2_multimer_v3_model_4_seed_001.pdb,1.938,0.953,2.12,2.473,0.866,2.069
t233-scenario6_0_unrelaxed_rank_005_alphafold2_multimer_v3_model_2_seed_001.pdb,1.927,0.96,2.108,2.483,0.864,2.074
t233-scenario6_0_unrelaxed_rank_006_alphafold2_multimer_v3_model_3_seed_001.pdb,1.897,0.929,2.08,2.409,0.855,2.023
t233-scenario6_0_unrelaxed_rank_007_alphafold2_multimer_v3_model_1_seed_000.pdb,1.935,0.927,2.073,2.441,0.81,2.007
t233-scenario6_0_unrelaxed_rank_008_alphafold2_multimer_v3_model_4_seed_000.pdb,1.915,0.916,2.051,2.431,0.801,1.996
t233-scenario6_0_unrelaxed_rank_009_alphafold2_multimer_v3_model_5_seed_001.pdb,1.826,0.913,2.043,2.345,0.833,1.989
t233-scenario6_0_unrelaxed_rank_010_alphafold2_multimer_v3_model_1_seed_001.pdb,1.837,0.913,2.035,2.34,0.829,1.986
t233-scenario7_0_unrelaxed_rank_001_alphafold2_multimer_v1_model_1_seed_000.pdb,1.84,0.888,2.006,2.436,0.762,1.911
t233-scenario7_0_unrelaxed_rank_002_alphafold2_multimer_v1_model_3_seed_000.pdb,1.813,0.873,2.005,2.394,0.742,1.882
t233-scenario7_0_unrelaxed_rank_003_alphafold2_multimer_v1_model_5_seed_001.pdb,1.77,0.877,1.977,2.306,0.741,1.91
t233-scenario7_0_unrelaxed_rank_004_alphafold2_multimer_v1_model_5_seed_000.pdb,1.778,0.869,1.963,2.351,0.741,1.871
t233-scenario7_0_unrelaxed_rank_005_alphafold2_multimer_v1_model_4_seed_001.pdb,1.782,0.867,1.926,2.32,0.746,1.875
t233-scenario7_0_unrelaxed_rank_006_alphafold2_multimer_v1_model_3_seed_001.pdb,1.756,0.852,1.933,2.277,0.725,1.839
t233-scenario7_0_unrelaxed_rank_007_alphafold2_multimer_v1_model_1_seed_001.pdb,1.854,1.013,1.904,2.376,0.804,1.855
t233-scenario7_0_unrelaxed_rank_008_alphafold2_multimer_v1_model_2_seed_000.pdb,1.725,0.839,1.892,2.289,0.708,1.805
t233-scenario7_0_unrelaxed_rank_009_alphafold2_multimer_v1_model_2_seed_001.pdb,1.719,0.835,1.876,2.225,0.703,1.796
t233-scenario7_0_unrelaxed_rank_010_alphafold2_multimer_v1_model_4_seed_000.pdb,1.695,0.824,1.856,2.283,0.691,1.771
t233-scenario8_0_unrelaxed_rank_001_alphafold2_multimer_v2_model_1_seed_001.pdb,1.761,0.822,1.878,2.207,0.763,1.791
t233-scenario8_0_unrelaxed_rank_002_alphafold2_multimer_v2_model_4_seed_001.pdb,1.725,0.803,1.859,2.211,0.743,1.763
t233-scenario8_0_unrelaxed_rank_003_alphafold2_multimer_v2_model_5_seed_000.pdb,1.71,0.815,1.824,2.198,0.737,1.732
t233-scenario8_0_unrelaxed_rank_004_alphafold2_multimer_v2_model_3_seed_000.pdb,1.681,0.798,1.81,2.166,0.734,1.721
t233-scenario8_0_unrelaxed_rank_005_alphafold2_multimer_v2_model_2_seed_001.pdb,1.689,0.788,1.808,2.138,0.71,1.736
t233-scenario8_0_unrelaxed_rank_006_alphafold2_multimer_v2_model_3_seed_001.pdb,1.68,0.777,1.792,2.13,0.702,1.696
t233-scenario8_0_unrelaxed_rank_007_alphafold2_multimer_v2_model_5_seed_001.pdb,1.675,0.776,1.781,2.108,0.701,1.689
t233-scenario8_0_unrelaxed_rank_008_alphafold2_multimer_v2_model_4_seed_000.pdb,1.623,0.773,1.742,2.09,0.723,1.654
t233-scenario8_0_unrelaxed_rank_009_alphafold2_multimer_v2_model_2_seed_000.pdb,1.633,0.781,1.739,2.084,0.705,1.642
t233-scenario8_0_unrelaxed_rank_010_alphafold2_multimer_v2_model_1_seed_000.pdb,1.618,0.764,1.719,2.041,0.706,1.654
t233-scenario9_0_unrelaxed_rank_001_alphafold2_multimer_v3_model_5_seed_001.pdb,1.564,0.752,1.696,1.988,0.684,1.648
t233-scenario9_0_unrelaxed_rank_002_alphafold2_multimer_v3_model_5_seed_000.pdb,1.522,0.764,1.661,1.951,0.706,1.628
t233-scenario9_0_unrelaxed_rank_003_alphafold2_multimer_v3_model_1_seed_000.pdb,1.527,0.763,1.655,1.955,0.7,1.628
t233-scenario9_0_unrelaxed_rank_004_alphafold2_multimer_v3_model_2_seed_001.pdb,1.52,0.731,1.66,1.947,0.655,1.611
t233-scenario9_0_unrelaxed_rank_005_alphafold2_multimer_v3_model_2_seed_000.pdb,1.499,0.741,1.633,1.933,0.678,1.606
t233-scenario9_0_unrelaxed_rank_006_alphafold2_multimer_v3_model_4_seed_001.pdb,1.486,0.714,1.62,1.903,0.639,1.586
t233-scenario9_0_unrelaxed_rank_007_alphafold2_multimer_v3_model_3_seed_001.pdb,1.49,0.699,1.592,1.884,0.637,1.566
t233-scenario9_0_unrelaxed_rank_008_alphafold2_multimer_v3_model_4_seed_000.pdb,1.456,0.728,1.573,1.85,0.653,1.53
t233-scenario9_0_unrelaxed_rank_009_alphafold2_multimer_v3_model_3_seed_000.pdb,1.445,0.697,1.554,1.838,0.642,1.523
t233-scenario9_0_unrelaxed_rank_010_alphafold2_multimer_v3_model_1_seed_001.pdb,1.428,0.706,1.579,1.818,0.635,1.535
,,,,,,
,,,,,,
,,,,,,
,,,,,,
,,,,,,