model_name ,scenario,pTM,iPTM,confidence score
rank_001_alphafold2_multimer_v2_model_3_seed_000,t233-scenario2,0.764,0.739,0.744
rank_001_alphafold2_multimer_v3_model_5_seed_001,t233-scenario9,0.72,0.668,0.6784
rank_001_alphafold2_multimer_v3_model_1_seed_001,t233-scenario10,0.693,0.631,0.6434
rank_002_alphafold2_multimer_v3_model_5_seed_001,t233-scenario10,0.663,0.608,0.619
rank_002_alphafold2_multimer_v2_model_2_seed_001,t233-scenario2,0.64,0.604,0.6112
rank_003_alphafold2_multimer_v2_model_1_seed_001,t233-scenario2,0.635,0.598,0.6054
rank_004_alphafold2_multimer_v2_model_2_seed_000,t233-scenario2,0.631,0.592,0.5998
rank_002_alphafold2_multimer_v3_model_5_seed_000,t233-scenario9,0.639,0.587,0.5974
rank_001_alphafold2_multimer_v2_model_1_seed_001,t233-scenario8,0.66,0.579,0.5952
rank_002_alphafold2_multimer_v2_model_4_seed_001,t233-scenario8,0.63,0.558,0.5724
rank_001_alphafold2_multimer_v3_model_5_seed_000,t233-scenario6,0.627,0.556,0.5702
rank_003_alphafold2_multimer_v2_model_5_seed_000,t233-scenario8,0.618,0.544,0.5588
rank_003_alphafold2_multimer_v3_model_4_seed_000,t233-scenario10,0.599,0.528,0.5422
rank_001_alphafold2_multimer_v1_model_1_seed_000,t233-scenario7,0.596,0.521,0.536
rank_004_alphafold2_multimer_v3_model_4_seed_001,t233-scenario10,0.593,0.521,0.5354
rank_004_alphafold2_multimer_v2_model_3_seed_000,t233-scenario8,0.588,0.519,0.5328
rank_001_alphafold2_multimer_v3_model_4_seed_001,t233-scenario3,0.568,0.511,0.5224
rank_002_alphafold2_multimer_v3_model_4_seed_000,t233-scenario3,0.566,0.51,0.5212
rank_002_alphafold2_multimer_v1_model_3_seed_000,t233-scenario7,0.592,0.495,0.5144
rank_005_alphafold2_multimer_v2_model_2_seed_001,t233-scenario8,0.576,0.498,0.5136
rank_005_alphafold2_multimer_v3_model_3_seed_001,t233-scenario10,0.577,0.491,0.5082
rank_001_alphafold2_multimer_v1_model_5_seed_000,t233-scenario11,0.59,0.487,0.5076
rank_001_alphafold2_multimer_v2_model_4_seed_001,t233-scenario5,0.573,0.491,0.5074
rank_003_alphafold2_multimer_v3_model_2_seed_000,t233-scenario3,0.561,0.493,0.5066
rank_002_alphafold2_multimer_v2_model_3_seed_001,t233-scenario5,0.574,0.489,0.506
rank_003_alphafold2_multimer_v3_model_1_seed_000,t233-scenario9,0.573,0.489,0.5058
rank_004_alphafold2_multimer_v3_model_2_seed_001,t233-scenario9,0.577,0.485,0.5034
rank_002_alphafold2_multimer_v1_model_1_seed_000,t233-scenario11,0.584,0.481,0.5016
rank_006_alphafold2_multimer_v2_model_3_seed_001,t233-scenario8,0.568,0.485,0.5016
rank_005_alphafold2_multimer_v2_model_5_seed_000,t233-scenario2,0.55,0.489,0.5012
rank_006_alphafold2_multimer_v2_model_4_seed_000,t233-scenario2,0.542,0.487,0.498
rank_003_alphafold2_multimer_v2_model_2_seed_001,t233-scenario5,0.557,0.481,0.4962
rank_006_alphafold2_multimer_v3_model_2_seed_000,t233-scenario10,0.564,0.472,0.4904
rank_003_alphafold2_multimer_v1_model_5_seed_001,t233-scenario7,0.562,0.472,0.49
rank_004_alphafold2_multimer_v3_model_1_seed_000,t233-scenario3,0.551,0.474,0.4894
rank_007_alphafold2_multimer_v2_model_5_seed_001,t233-scenario8,0.557,0.472,0.489
rank_002_alphafold2_multimer_v3_model_3_seed_000,t233-scenario6,0.567,0.469,0.4886
rank_005_alphafold2_multimer_v3_model_2_seed_000,t233-scenario9,0.554,0.472,0.4884
rank_004_alphafold2_multimer_v1_model_5_seed_000,t233-scenario7,0.565,0.468,0.4874
rank_004_alphafold2_multimer_v2_model_1_seed_001,t233-scenario5,0.573,0.465,0.4866
rank_007_alphafold2_multimer_v2_model_5_seed_001,t233-scenario2,0.537,0.474,0.4866
rank_007_alphafold2_multimer_v3_model_2_seed_001,t233-scenario10,0.555,0.468,0.4854
rank_003_alphafold2_multimer_v1_model_5_seed_001,t233-scenario11,0.571,0.464,0.4854
rank_003_alphafold2_multimer_v3_model_2_seed_000,t233-scenario6,0.559,0.467,0.4854
rank_005_alphafold2_multimer_v1_model_4_seed_001,t233-scenario7,0.559,0.467,0.4854
rank_008_alphafold2_multimer_v2_model_4_seed_000,t233-scenario8,0.559,0.467,0.4854
rank_009_alphafold2_multimer_v2_model_2_seed_000,t233-scenario8,0.551,0.468,0.4846
rank_005_alphafold2_multimer_v2_model_1_seed_000,t233-scenario5,0.571,0.463,0.4846
rank_005_alphafold2_multimer_v3_model_5_seed_001,t233-scenario3,0.539,0.469,0.483
rank_006_alphafold2_multimer_v2_model_4_seed_000,t233-scenario5,0.561,0.46,0.4802
rank_008_alphafold2_multimer_v3_model_1_seed_000,t233-scenario10,0.559,0.46,0.4798
rank_006_alphafold2_multimer_v3_model_4_seed_001,t233-scenario9,0.558,0.46,0.4796
rank_007_alphafold2_multimer_v2_model_2_seed_000,t233-scenario5,0.553,0.458,0.477
rank_007_alphafold2_multimer_v3_model_3_seed_001,t233-scenario9,0.553,0.458,0.477
rank_006_alphafold2_multimer_v1_model_3_seed_001,t233-scenario7,0.557,0.457,0.477
rank_009_alphafold2_multimer_v3_model_5_seed_000,t233-scenario10,0.559,0.456,0.4766
rank_006_alphafold2_multimer_v3_model_3_seed_000,t233-scenario3,0.547,0.458,0.4758
rank_008_alphafold2_multimer_v2_model_1_seed_000,t233-scenario2,0.527,0.459,0.4726
rank_004_alphafold2_multimer_v3_model_4_seed_001,t233-scenario6,0.55,0.453,0.4724
rank_009_alphafold2_multimer_v2_model_3_seed_001,t233-scenario2,0.536,0.456,0.472
rank_008_alphafold2_multimer_v3_model_4_seed_000,t233-scenario9,0.547,0.448,0.4678
rank_007_alphafold2_multimer_v1_model_1_seed_001,t233-scenario7,0.546,0.445,0.4652
rank_005_alphafold2_multimer_v3_model_2_seed_001,t233-scenario6,0.541,0.446,0.465
rank_008_alphafold2_multimer_v1_model_2_seed_000,t233-scenario7,0.542,0.445,0.4644
rank_006_alphafold2_multimer_v3_model_3_seed_001,t233-scenario6,0.542,0.444,0.4636
rank_010_alphafold2_multimer_v2_model_1_seed_000,t233-scenario8,0.549,0.442,0.4634
rank_009_alphafold2_multimer_v3_model_3_seed_000,t233-scenario9,0.545,0.442,0.4626
rank_004_alphafold2_multimer_v1_model_1_seed_001,t233-scenario11,0.552,0.44,0.4624
rank_010_alphafold2_multimer_v3_model_3_seed_000,t233-scenario10,0.55,0.44,0.462
rank_007_alphafold2_multimer_v3_model_3_seed_001,t233-scenario3,0.532,0.444,0.4616
rank_008_alphafold2_multimer_v2_model_3_seed_000,t233-scenario5,0.542,0.441,0.4612
rank_010_alphafold2_multimer_v2_model_4_seed_001,t233-scenario2,0.516,0.447,0.4608
rank_010_alphafold2_multimer_v3_model_1_seed_001,t233-scenario9,0.547,0.438,0.4598
rank_008_alphafold2_multimer_v3_model_4_seed_000,t233-scenario6,0.545,0.436,0.4578
rank_007_alphafold2_multimer_v3_model_1_seed_000,t233-scenario6,0.544,0.436,0.4576
rank_005_alphafold2_multimer_v1_model_2_seed_000,t233-scenario11,0.542,0.436,0.4572
rank_008_alphafold2_multimer_v3_model_1_seed_001,t233-scenario3,0.52,0.441,0.4568
rank_009_alphafold2_multimer_v1_model_2_seed_001,t233-scenario7,0.535,0.437,0.4566
rank_009_alphafold2_multimer_v2_model_5_seed_000,t233-scenario5,0.545,0.434,0.4562
rank_010_alphafold2_multimer_v2_model_5_seed_001,t233-scenario5,0.543,0.434,0.4558
rank_006_alphafold2_multimer_v1_model_3_seed_000,t233-scenario11,0.549,0.432,0.4554
rank_009_alphafold2_multimer_v3_model_2_seed_001,t233-scenario3,0.516,0.439,0.4544
rank_001_alphafold2_multimer_v1_model_5_seed_001,t233-scenario4,0.538,0.428,0.45
rank_007_alphafold2_multimer_v1_model_3_seed_001,t233-scenario11,0.543,0.425,0.4486
rank_001_alphafold2_multimer_v1_model_5_seed_001,t233-scenario1,0.525,0.429,0.4482
rank_002_alphafold2_multimer_v1_model_3_seed_001,t233-scenario4,0.541,0.425,0.4482
rank_009_alphafold2_multimer_v3_model_5_seed_001,t233-scenario6,0.539,0.423,0.4462
rank_008_alphafold2_multimer_v1_model_4_seed_000,t233-scenario11,0.538,0.422,0.4452
rank_009_alphafold2_multimer_v1_model_2_seed_001,t233-scenario11,0.537,0.421,0.4442
rank_002_alphafold2_multimer_v1_model_4_seed_000,t233-scenario1,0.521,0.424,0.4434
rank_010_alphafold2_multimer_v1_model_4_seed_000,t233-scenario7,0.527,0.422,0.443
rank_010_alphafold2_multimer_v3_model_1_seed_001,t233-scenario6,0.528,0.421,0.4424
rank_003_alphafold2_multimer_v1_model_2_seed_000,t233-scenario1,0.518,0.422,0.4412
rank_004_alphafold2_multimer_v1_model_2_seed_001,t233-scenario1,0.513,0.423,0.441
rank_003_alphafold2_multimer_v1_model_5_seed_000,t233-scenario4,0.528,0.418,0.44
rank_004_alphafold2_multimer_v1_model_4_seed_000,t233-scenario4,0.535,0.415,0.439
rank_005_alphafold2_multimer_v1_model_2_seed_000,t233-scenario4,0.53,0.415,0.438
rank_005_alphafold2_multimer_v1_model_4_seed_001,t233-scenario1,0.514,0.419,0.438
rank_006_alphafold2_multimer_v1_model_3_seed_000,t233-scenario4,0.533,0.413,0.437
rank_010_alphafold2_multimer_v3_model_5_seed_000,t233-scenario3,0.522,0.415,0.4364
rank_006_alphafold2_multimer_v1_model_3_seed_001,t233-scenario1,0.516,0.416,0.436
rank_007_alphafold2_multimer_v1_model_5_seed_000,t233-scenario1,0.513,0.416,0.4354
rank_007_alphafold2_multimer_v1_model_2_seed_001,t233-scenario4,0.522,0.412,0.434
rank_008_alphafold2_multimer_v1_model_3_seed_000,t233-scenario1,0.516,0.411,0.432
rank_009_alphafold2_multimer_v1_model_1_seed_000,t233-scenario1,0.506,0.408,0.4276
rank_008_alphafold2_multimer_v1_model_1_seed_000,t233-scenario4,0.519,0.404,0.427
rank_009_alphafold2_multimer_v1_model_1_seed_001,t233-scenario4,0.505,0.404,0.4242
rank_010_alphafold2_multimer_v1_model_1_seed_001,t233-scenario1,0.496,0.406,0.424
rank_010_alphafold2_multimer_v1_model_4_seed_001,t233-scenario11,0.514,0.397,0.4204
rank_010_alphafold2_multimer_v1_model_4_seed_001,t233-scenario4,0.513,0.396,0.4194