Target232_790.pdb,357.82
Target232_1147.pdb,288.07
Target232_506.pdb,236.86
Target232_1462.pdb,231.84
Target232_303.pdb,192.42
Target232_1305.pdb,191.91
Target232_584.pdb,189.33
Target232_1181.pdb,183.13
Target232_586.pdb,179.70
Target232_1079.pdb,179.22
Target232_446.pdb,176.17
Target232_522.pdb,175.81
Target232_476.pdb,174.67
Target232_1171.pdb,167.19
Target232_462.pdb,165.64
Target232_1047.pdb,162.68
Target232_597.pdb,160.60
Target232_1450.pdb,159.17
Target232_1355.pdb,156.46
Target232_1012.pdb,147.54
Target232_21.pdb,146.56
Target232_717.pdb,145.77
Target232_1265.pdb,145.36
Target232_382.pdb,141.71
Target232_252.pdb,139.52
Target232_1370.pdb,139.52
Target232_360.pdb,139.28
Target232_247.pdb,138.61
Target232_664.pdb,137.00
Target232_37.pdb,131.32
Target232_20.pdb,127.84
Target232_72.pdb,123.47
Target232_1184.pdb,123.36
Target232_564.pdb,117.62
Target232_807.pdb,116.01
Target232_1313.pdb,114.59
Target232_655.pdb,112.80
Target232_1091.pdb,112.30
Target232_310.pdb,106.13
Target232_111.pdb,103.57
Target232_101.pdb,103.57
Target232_1340.pdb,103.52
Target232_346.pdb,100.90
Target232_903.pdb,100.68
Target232_551.pdb,99.46
Target232_795.pdb,97.43
Target232_1293.pdb,95.86
Target232_836.pdb,95.58
Target232_273.pdb,93.30
Target232_380.pdb,93.13
Target232_1276.pdb,92.22
Target232_383.pdb,91.70
Target232_1191.pdb,89.50
Target232_698.pdb,87.31
Target232_1336.pdb,86.64
Target232_275.pdb,85.47
Target232_734.pdb,84.80
Target232_406.pdb,83.15
Target232_1096.pdb,82.57
Target232_1486.pdb,82.49
Target232_1154.pdb,82.25
Target232_433.pdb,82.24
Target232_1061.pdb,82.02
Target232_477.pdb,81.34
Target232_514.pdb,79.67
Target232_287.pdb,79.59
Target232_443.pdb,79.18
Target232_875.pdb,79.10
Target232_1063.pdb,78.85
Target232_162.pdb,78.74
Target232_941.pdb,78.46
Target232_466.pdb,77.87
Target232_767.pdb,77.11
Target232_632.pdb,75.95
Target232_642.pdb,75.08
Target232_444.pdb,75.02
Target232_1399.pdb,73.34
Target232_835.pdb,73.30
Target232_1130.pdb,73.06
Target232_1488.pdb,72.16
Target232_96.pdb,71.07
Target232_512.pdb,70.90
Target232_1126.pdb,70.62
Target232_1470.pdb,70.14
Target232_780.pdb,69.54
Target232_329.pdb,69.30
Target232_561.pdb,69.05
Target232_1125.pdb,68.36
Target232_552.pdb,67.74
Target232_146.pdb,67.67
Target232_1475.pdb,66.68
Target232_431.pdb,66.34
Target232_999.pdb,65.93
Target232_1429.pdb,65.64
Target232_870.pdb,65.55
Target232_183.pdb,65.41
Target232_163.pdb,65.41
Target232_389.pdb,65.23
Target232_922.pdb,65.11
Target232_1442.pdb,64.54
Target232_1325.pdb,64.01
Target232_1086.pdb,63.45
Target232_375.pdb,62.70
Target232_1131.pdb,62.41
Target232_888.pdb,62.18
Target232_325.pdb,62.12
Target232_1326.pdb,61.51
Target232_1423.pdb,61.29
Target232_1362.pdb,61.17
Target232_116.pdb,61.14
Target232_267.pdb,60.61
Target232_404.pdb,60.27
Target232_1255.pdb,59.60
Target232_1162.pdb,58.13
Target232_962.pdb,57.82
Target232_347.pdb,57.82
Target232_328.pdb,57.55
Target232_771.pdb,56.47
Target232_1069.pdb,56.47
Target232_282.pdb,56.38
Target232_864.pdb,54.53
Target232_705.pdb,54.34
Target232_256.pdb,53.80
Target232_415.pdb,53.78
Target232_3.pdb,53.65
Target232_212.pdb,53.65
Target232_265.pdb,53.38
Target232_284.pdb,52.85
Target232_1150.pdb,52.68
Target232_98.pdb,52.37
Target232_1406.pdb,52.07
Target232_792.pdb,51.95
Target232_190.pdb,51.95
Target232_153.pdb,51.58
Target232_451.pdb,51.48
Target232_856.pdb,50.81
Target232_1206.pdb,50.81
Target232_1356.pdb,50.74
Target232_1268.pdb,50.37
Target232_1108.pdb,50.24
Target232_645.pdb,50.06
Target232_349.pdb,49.74
Target232_684.pdb,49.24
Target232_1250.pdb,49.14
Target232_1282.pdb,47.72
Target232_1397.pdb,47.41
Target232_131.pdb,47.41
Target232_545.pdb,47.34
Target232_188.pdb,47.34
Target232_491.pdb,46.93
Target232_367.pdb,46.10
Target232_677.pdb,45.23
Target232_1402.pdb,45.23
Target232_772.pdb,45.21
Target232_378.pdb,45.21
Target232_313.pdb,44.89
Target232_1439.pdb,44.89
Target232_429.pdb,44.60
Target232_220.pdb,44.03
Target232_164.pdb,44.03
Target232_499.pdb,43.23
Target232_1106.pdb,43.23
Target232_2.pdb,43.22
Target232_106.pdb,42.86
Target232_608.pdb,42.78
Target232_1151.pdb,42.23
Target232_841.pdb,42.12
Target232_1281.pdb,42.08
Target232_1024.pdb,42.08
Target232_958.pdb,41.90
Target232_628.pdb,40.99
Target232_1056.pdb,40.97
Target232_1042.pdb,40.97
Target232_979.pdb,40.88
Target232_1448.pdb,40.88
Target232_1085.pdb,40.47
Target232_1224.pdb,40.24
Target232_919.pdb,39.96
Target232_1319.pdb,39.96
Target232_759.pdb,39.92
Target232_33.pdb,39.92
Target232_829.pdb,39.74
Target232_304.pdb,39.64
Target232_976.pdb,39.46
Target232_827.pdb,39.46
Target232_694.pdb,39.04
Target232_872.pdb,38.39
Target232_1018.pdb,38.39
Target232_1186.pdb,38.17
Target232_860.pdb,38.11
Target232_1350.pdb,37.77
Target232_294.pdb,37.76
Target232_1133.pdb,37.75
Target232_1183.pdb,37.10
Target232_500.pdb,36.70
Target232_798.pdb,36.33
Target232_152.pdb,36.32
Target232_731.pdb,36.07
Target232_397.pdb,36.07
Target232_350.pdb,35.81
Target232_779.pdb,35.74
Target232_709.pdb,35.17
Target232_211.pdb,35.12
Target232_569.pdb,35.11
Target232_744.pdb,34.66
Target232_1052.pdb,34.26
Target232_974.pdb,33.89
Target232_939.pdb,33.89
Target232_54.pdb,33.17
Target232_155.pdb,32.93
Target232_1214.pdb,32.93
Target232_320.pdb,30.56
Target232_945.pdb,30.43
Target232_1275.pdb,30.43
Target232_1286.pdb,30.18
Target232_1288.pdb,30.00
Target232_894.pdb,29.35
Target232_223.pdb,28.69
Target232_700.pdb,28.20
Target232_1187.pdb,28.20
Target232_879.pdb,27.95
Target232_786.pdb,27.95
Target232_761.pdb,27.90
Target232_649.pdb,27.90
Target232_868.pdb,27.86
Target232_189.pdb,27.86
Target232_181.pdb,27.57
Target232_1357.pdb,27.57
Target232_952.pdb,27.54
Target232_784.pdb,27.54
Target232_1322.pdb,27.54
Target232_967.pdb,27.24
Target232_159.pdb,27.24
Target232_916.pdb,27.17
Target232_82.pdb,27.17
Target232_763.pdb,27.04
Target232_1166.pdb,27.04
Target232_161.pdb,26.74
Target232_1424.pdb,26.74
Target232_509.pdb,26.59
Target232_1358.pdb,26.59
Target232_423.pdb,26.46
Target232_1465.pdb,26.46
Target232_793.pdb,25.88
Target232_41.pdb,25.88
Target232_484.pdb,25.63
Target232_669.pdb,24.85
Target232_84.pdb,24.01
Target232_474.pdb,23.86
Target232_412.pdb,23.86
Target232_997.pdb,23.60
Target232_758.pdb,23.60
Target232_776.pdb,23.59
Target232_1173.pdb,23.36
Target232_1071.pdb,23.17
Target232_296.pdb,22.90
Target232_1238.pdb,21.75
Target232_1065.pdb,21.75
Target232_847.pdb,20.90
Target232_1463.pdb,20.84
Target232_1006.pdb,20.73
Target232_961.pdb,20.38
Target232_1015.pdb,20.38
Target232_141.pdb,20.12
Target232_617.pdb,20.03
Target232_1478.pdb,20.03
Target232_580.pdb,19.81
Target232_1349.pdb,19.78
Target232_996.pdb,19.76
Target232_139.pdb,19.76
Target232_765.pdb,19.44
Target232_490.pdb,19.44
Target232_647.pdb,19.36
Target232_599.pdb,19.36
Target232_418.pdb,19.26
Target232_327.pdb,18.14
Target232_1301.pdb,18.14
Target232_353.pdb,17.83
Target232_29.pdb,17.83
Target232_1215.pdb,17.78
Target232_266.pdb,17.56
Target232_1408.pdb,17.56
Target232_1237.pdb,17.06
Target232_673.pdb,16.54
Target232_199.pdb,16.54
Target232_1030.pdb,16.27
Target232_472.pdb,15.95
Target232_898.pdb,15.92
Target232_497.pdb,15.86
Target232_1477.pdb,15.48
Target232_539.pdb,15.47
Target232_439.pdb,15.47
Target232_629.pdb,15.34
Target232_35.pdb,15.33
Target232_1088.pdb,15.31
Target232_696.pdb,15.22
Target232_295.pdb,15.22
Target232_9.pdb,15.18
Target232_984.pdb,15.12
Target232_581.pdb,15.12
Target232_379.pdb,14.94
Target232_1260.pdb,14.94
Target232_957.pdb,14.46
Target232_1246.pdb,14.45
Target232_849.pdb,14.43
Target232_95.pdb,14.37
Target232_750.pdb,14.37
Target232_194.pdb,14.26
Target232_833.pdb,13.94
Target232_58.pdb,13.94
Target232_890.pdb,13.64
Target232_1314.pdb,13.64
Target232_182.pdb,13.61
Target232_355.pdb,13.33
Target232_100.pdb,13.33
Target232_483.pdb,13.32
Target232_1232.pdb,13.32
Target232_825.pdb,12.72
Target232_70.pdb,12.47
Target232_357.pdb,12.47
Target232_1202.pdb,12.47
Target232_1026.pdb,12.47
Target232_851.pdb,12.35
Target232_468.pdb,12.21
Target232_644.pdb,11.97
Target232_544.pdb,11.97
Target232_1323.pdb,11.64
Target232_821.pdb,11.58
Target232_1391.pdb,11.02
Target232_837.pdb,10.87
Target232_1203.pdb,10.87
Target232_886.pdb,10.68
Target232_1389.pdb,10.67
Target232_26.pdb,10.65
Target232_1050.pdb,10.54
Target232_881.pdb,10.38
Target232_202.pdb,10.26
Target232_1409.pdb,10.09
Target232_107.pdb,10.09
Target232_1103.pdb,9.33
Target232_988.pdb,9.26
Target232_876.pdb,9.01
Target232_646.pdb,9.01
Target232_865.pdb,8.93
Target232_1415.pdb,8.90
Target232_911.pdb,8.65
Target232_635.pdb,8.63
Target232_611.pdb,8.50
Target232_993.pdb,8.49
Target232_317.pdb,8.47
Target232_1254.pdb,8.40
Target232_704.pdb,8.28
Target232_753.pdb,8.19
Target232_1035.pdb,8.17
Target232_36.pdb,8.16
Target232_1120.pdb,8.06
Target232_787.pdb,7.89
Target232_362.pdb,7.72
Target232_456.pdb,7.65
Target232_1428.pdb,7.65
Target232_23.pdb,7.61
Target232_1427.pdb,7.61
Target232_8.pdb,7.55
Target232_438.pdb,7.47
Target232_1416.pdb,7.47
Target232_582.pdb,7.44
Target232_1280.pdb,7.44
Target232_932.pdb,7.35
Target232_549.pdb,7.35
Target232_28.pdb,7.21
Target232_1493.pdb,7.18
Target232_17.pdb,7.16
Target232_465.pdb,6.97
Target232_1032.pdb,6.97
Target232_169.pdb,6.86
Target232_1178.pdb,6.81
Target232_933.pdb,6.80
Target232_405.pdb,6.77
Target232_56.pdb,6.70
Target232_905.pdb,6.69
Target232_285.pdb,6.69
Target232_764.pdb,6.54
Target232_297.pdb,6.53
Target232_1381.pdb,6.53
Target232_887.pdb,6.48
Target232_573.pdb,6.34
Target232_1048.pdb,6.34
Target232_186.pdb,6.32
Target232_1233.pdb,6.32
Target232_226.pdb,6.30
Target232_819.pdb,6.28
Target232_529.pdb,6.27
Target232_638.pdb,6.20
Target232_424.pdb,6.20
Target232_1303.pdb,6.14
Target232_654.pdb,6.13
Target232_1338.pdb,6.11
Target232_330.pdb,5.95
Target232_1262.pdb,5.90
Target232_245.pdb,5.86
Target232_458.pdb,5.82
Target232_719.pdb,5.76
Target232_205.pdb,5.74
Target232_839.pdb,5.73
Target232_706.pdb,5.73
Target232_658.pdb,5.73
Target232_401.pdb,5.73
Target232_1436.pdb,5.73
Target232_583.pdb,5.71
Target232_1361.pdb,5.69
Target232_670.pdb,5.59
Target232_884.pdb,5.56
Target232_274.pdb,5.50
Target232_1223.pdb,5.50
Target232_1328.pdb,5.47
Target232_246.pdb,5.44
Target232_422.pdb,5.35
Target232_923.pdb,5.33
Target232_399.pdb,5.32
Target232_298.pdb,5.32
Target232_1363.pdb,5.31
Target232_332.pdb,5.27
Target232_804.pdb,5.25
Target232_1351.pdb,5.25
Target232_880.pdb,5.21
Target232_277.pdb,5.17
Target232_774.pdb,5.16
Target232_624.pdb,5.16
Target232_766.pdb,5.07
Target232_518.pdb,5.04
Target232_1028.pdb,5.04
Target232_97.pdb,5.00
Target232_1320.pdb,5.00
Target232_1107.pdb,4.90
Target232_557.pdb,4.78
Target232_811.pdb,4.76
Target232_725.pdb,4.61
Target232_1172.pdb,4.61
Target232_1081.pdb,4.55
Target232_1121.pdb,4.49
Target232_6.pdb,4.33
Target232_650.pdb,4.32
Target232_13.pdb,4.24
Target232_1444.pdb,4.22
Target232_1365.pdb,4.22
Target232_1165.pdb,4.17
Target232_364.pdb,4.16
Target232_663.pdb,4.14
Target232_739.pdb,4.11
Target232_1090.pdb,4.11
Target232_781.pdb,4.10
Target232_244.pdb,4.10
Target232_818.pdb,4.08
Target232_594.pdb,4.07
Target232_1136.pdb,4.07
Target232_986.pdb,4.05
Target232_778.pdb,4.04
Target232_302.pdb,4.04
Target232_292.pdb,4.02
Target232_589.pdb,4.01
Target232_1426.pdb,3.90
Target232_138.pdb,3.88
Target232_547.pdb,3.86
Target232_42.pdb,3.86
Target232_1189.pdb,3.86
Target232_197.pdb,3.82
Target232_62.pdb,3.72
Target232_651.pdb,3.71
Target232_57.pdb,3.71
Target232_590.pdb,3.67
Target232_1342.pdb,3.67
Target232_572.pdb,3.66
Target232_1318.pdb,3.66
Target232_1156.pdb,3.65
Target232_755.pdb,3.64
Target232_690.pdb,3.63
Target232_271.pdb,3.62
Target232_768.pdb,3.61
Target232_1100.pdb,3.59
Target232_473.pdb,3.57
Target232_1387.pdb,3.57
Target232_260.pdb,3.56
Target232_927.pdb,3.54
Target232_176.pdb,3.54
Target232_901.pdb,3.52
Target232_838.pdb,3.49
Target232_377.pdb,3.45
Target232_255.pdb,3.40
Target232_1019.pdb,3.40
Target232_1395.pdb,3.39
Target232_1127.pdb,3.39
Target232_953.pdb,3.30
Target232_43.pdb,3.20
Target232_762.pdb,3.17
Target232_748.pdb,3.16
Target232_528.pdb,3.14
Target232_248.pdb,3.04
Target232_1491.pdb,3.04
Target232_1263.pdb,3.04
Target232_656.pdb,3.03
Target232_1229.pdb,3.00
Target232_1139.pdb,2.99
Target232_948.pdb,2.97
Target232_381.pdb,2.96
Target232_1344.pdb,2.95
Target232_1002.pdb,2.91
Target232_668.pdb,2.90
Target232_530.pdb,2.89
Target232_543.pdb,2.84
Target232_1112.pdb,2.82
Target232_566.pdb,2.73
Target232_425.pdb,2.73
Target232_417.pdb,2.73
Target232_859.pdb,2.72
Target232_531.pdb,2.72
Target232_498.pdb,2.72
Target232_1441.pdb,2.72
Target232_1433.pdb,2.70
Target232_1105.pdb,2.70
Target232_207.pdb,2.69
Target232_363.pdb,2.68
Target232_1467.pdb,2.65
Target232_1059.pdb,2.65
Target232_724.pdb,2.64
Target232_806.pdb,2.61
Target232_1128.pdb,2.61
Target232_1468.pdb,2.57
Target232_1494.pdb,2.51
Target232_331.pdb,2.50
Target232_550.pdb,2.49
Target232_276.pdb,2.48
Target232_853.pdb,2.47
Target232_61.pdb,2.47
Target232_335.pdb,2.47
Target232_747.pdb,2.46
Target232_639.pdb,2.46
Target232_1230.pdb,2.46
Target232_977.pdb,2.43
Target232_975.pdb,2.43
Target232_667.pdb,2.43
Target232_447.pdb,2.43
Target232_1447.pdb,2.43
Target232_679.pdb,2.40
Target232_249.pdb,2.38
Target232_10.pdb,2.38
Target232_960.pdb,2.37
Target232_1285.pdb,2.35
Target232_921.pdb,2.32
Target232_797.pdb,2.32
Target232_31.pdb,2.32
Target232_1101.pdb,2.32
Target232_824.pdb,2.31
Target232_38.pdb,2.29
Target232_769.pdb,2.26
Target232_172.pdb,2.26
Target232_1459.pdb,2.26
Target232_946.pdb,2.25
Target232_1076.pdb,2.21
Target232_1057.pdb,2.20
Target232_674.pdb,2.19
Target232_1045.pdb,2.17
Target232_402.pdb,2.16
Target232_130.pdb,2.13
Target232_913.pdb,2.12
Target232_77.pdb,2.12
Target232_168.pdb,2.11
Target232_1179.pdb,2.11
Target232_1014.pdb,2.11
Target232_1337.pdb,2.09
Target232_815.pdb,2.07
Target232_270.pdb,2.07
Target232_508.pdb,2.05
Target232_931.pdb,2.04
Target232_229.pdb,2.04
Target232_448.pdb,2.03
Target232_676.pdb,2.02
Target232_648.pdb,2.00
Target232_441.pdb,2.00
Target232_517.pdb,1.97
Target232_1046.pdb,1.93
Target232_631.pdb,1.92
Target232_151.pdb,1.90
Target232_71.pdb,1.89
Target232_150.pdb,1.89
Target232_606.pdb,1.87
Target232_541.pdb,1.85
Target232_1199.pdb,1.85
Target232_743.pdb,1.81
Target232_527.pdb,1.81
Target232_1353.pdb,1.81
Target232_1498.pdb,1.80
Target232_520.pdb,1.79
Target232_200.pdb,1.79
Target232_120.pdb,1.79
Target232_693.pdb,1.77
Target232_503.pdb,1.77
Target232_142.pdb,1.76
Target232_702.pdb,1.75
Target232_452.pdb,1.75
Target232_174.pdb,1.75
Target232_519.pdb,1.74
Target232_1341.pdb,1.74
Target232_513.pdb,1.73
Target232_300.pdb,1.73
Target232_714.pdb,1.72
Target232_567.pdb,1.72
Target232_585.pdb,1.70
Target232_1379.pdb,1.69
Target232_1177.pdb,1.65
Target232_963.pdb,1.64
Target232_1009.pdb,1.64
Target232_926.pdb,1.63
Target232_1401.pdb,1.63
Target232_88.pdb,1.61
Target232_393.pdb,1.58
Target232_337.pdb,1.56
Target232_1066.pdb,1.56
Target232_908.pdb,1.55
Target232_316.pdb,1.55
Target232_1270.pdb,1.53
Target232_1242.pdb,1.53
Target232_105.pdb,1.53
Target232_802.pdb,1.51
Target232_133.pdb,1.51
Target232_48.pdb,1.50
Target232_1210.pdb,1.50
Target232_726.pdb,1.48
Target232_1109.pdb,1.48
Target232_971.pdb,1.47
Target232_60.pdb,1.46
Target232_135.pdb,1.46
Target232_261.pdb,1.44
Target232_1367.pdb,1.44
Target232_1104.pdb,1.44
Target232_1304.pdb,1.43
Target232_250.pdb,1.41
Target232_286.pdb,1.40
Target232_613.pdb,1.39
Target232_577.pdb,1.39
Target232_1393.pdb,1.39
Target232_521.pdb,1.38
Target232_257.pdb,1.35
Target232_1455.pdb,1.34
Target232_143.pdb,1.34
Target232_965.pdb,1.33
Target232_1253.pdb,1.33
Target232_1383.pdb,1.31
Target232_895.pdb,1.30
Target232_636.pdb,1.29
Target232_204.pdb,1.29
Target232_791.pdb,1.27
Target232_184.pdb,1.27
Target232_1169.pdb,1.26
Target232_727.pdb,1.25
Target232_683.pdb,1.25
Target232_333.pdb,1.25
Target232_1034.pdb,1.25
Target232_862.pdb,1.23
Target232_413.pdb,1.23
Target232_187.pdb,1.23
Target232_1315.pdb,1.23
Target232_906.pdb,1.21
Target232_388.pdb,1.21
Target232_1264.pdb,1.21
Target232_943.pdb,1.20
Target232_92.pdb,1.20
Target232_1158.pdb,1.20
Target232_1023.pdb,1.20
Target232_823.pdb,1.18
Target232_699.pdb,1.18
Target232_1296.pdb,1.17
Target232_981.pdb,1.16
Target232_681.pdb,1.16
Target232_1004.pdb,1.16
Target232_612.pdb,1.15
Target232_983.pdb,1.14
Target232_235.pdb,1.10
Target232_1359.pdb,1.07
Target232_1216.pdb,1.07
Target232_951.pdb,1.06
Target232_47.pdb,1.05
Target232_253.pdb,1.05
Target232_1005.pdb,1.05
Target232_1378.pdb,1.03
Target232_156.pdb,1.02
Target232_1375.pdb,1.02
Target232_817.pdb,1.01
Target232_689.pdb,1.01
Target232_1129.pdb,1.01
Target232_857.pdb,1.00
Target232_1067.pdb,0.98
Target232_103.pdb,0.98
Target232_721.pdb,0.95
Target232_283.pdb,0.92
Target232_1218.pdb,0.92
Target232_621.pdb,0.91
Target232_671.pdb,0.89
Target232_1115.pdb,0.88
Target232_15.pdb,0.86
Target232_1195.pdb,0.86
Target232_526.pdb,0.84
Target232_510.pdb,0.83
Target232_1102.pdb,0.83
Target232_1138.pdb,0.82
Target232_858.pdb,0.80
Target232_640.pdb,0.80
Target232_318.pdb,0.80
Target232_1456.pdb,0.79
Target232_1200.pdb,0.79
Target232_437.pdb,0.77
Target232_470.pdb,0.76
Target232_1182.pdb,0.76
Target232_1479.pdb,0.73
Target232_1027.pdb,0.73
Target232_79.pdb,0.71
Target232_1267.pdb,0.70
Target232_1217.pdb,0.70
Target232_1055.pdb,0.70
Target232_1373.pdb,0.68
Target232_1036.pdb,0.68
Target232_76.pdb,0.67
Target232_615.pdb,0.67
Target232_595.pdb,0.67
Target232_428.pdb,0.67
Target232_233.pdb,0.67
Target232_416.pdb,0.65
Target232_224.pdb,0.65
Target232_1116.pdb,0.65
Target232_1033.pdb,0.64
Target232_68.pdb,0.63
Target232_132.pdb,0.63
Target232_215.pdb,0.62
Target232_732.pdb,0.61
Target232_909.pdb,0.60
Target232_1421.pdb,0.60
Target232_736.pdb,0.59
Target232_1241.pdb,0.59
Target232_1388.pdb,0.58
Target232_1149.pdb,0.58
Target232_269.pdb,0.57
Target232_715.pdb,0.56
Target232_620.pdb,0.56
Target232_534.pdb,0.56
Target232_321.pdb,0.56
Target232_695.pdb,0.55
Target232_535.pdb,0.55
Target232_1396.pdb,0.55
Target232_122.pdb,0.55
Target232_1113.pdb,0.55
Target232_53.pdb,0.54
Target232_177.pdb,0.54
Target232_899.pdb,0.53
Target232_889.pdb,0.53
Target232_710.pdb,0.53
Target232_603.pdb,0.53
Target232_570.pdb,0.53
Target232_185.pdb,0.53
Target232_1094.pdb,0.53
Target232_973.pdb,0.52
Target232_293.pdb,0.52
Target232_86.pdb,0.51
Target232_201.pdb,0.51
Target232_1157.pdb,0.51
Target232_1430.pdb,0.47
Target232_1368.pdb,0.47
Target232_938.pdb,0.46
Target232_1225.pdb,0.45
Target232_149.pdb,0.44
Target232_661.pdb,0.43
Target232_1458.pdb,0.43
Target232_334.pdb,0.42
Target232_315.pdb,0.42
Target232_1289.pdb,0.42
Target232_1248.pdb,0.42
Target232_109.pdb,0.42
Target232_554.pdb,0.41
Target232_173.pdb,0.41
Target232_1435.pdb,0.41
Target232_1453.pdb,0.40
Target232_322.pdb,0.39
Target232_1188.pdb,0.39
Target232_799.pdb,0.38
Target232_264.pdb,0.38
Target232_450.pdb,0.37
Target232_178.pdb,0.37
Target232_1201.pdb,0.37
Target232_602.pdb,0.36
Target232_1446.pdb,0.36
Target232_1374.pdb,0.36
Target232_480.pdb,0.35
Target232_970.pdb,0.34
Target232_607.pdb,0.34
Target232_1348.pdb,0.33
Target232_1204.pdb,0.33
Target232_803.pdb,0.32
Target232_680.pdb,0.32
Target232_22.pdb,0.31
Target232_51.pdb,0.30
Target232_352.pdb,0.30
Target232_1487.pdb,0.30
Target232_955.pdb,0.29
Target232_840.pdb,0.29
Target232_1258.pdb,0.29
Target232_1087.pdb,0.29
Target232_741.pdb,0.28
Target232_657.pdb,0.28
Target232_1451.pdb,0.28
Target232_994.pdb,0.27
Target232_972.pdb,0.27
Target232_746.pdb,0.27
Target232_540.pdb,0.27
Target232_524.pdb,0.27
Target232_711.pdb,0.26
Target232_366.pdb,0.24
Target232_157.pdb,0.24
Target232_1051.pdb,0.24
Target232_1095.pdb,0.23
Target232_1072.pdb,0.23
Target232_165.pdb,0.22
Target232_641.pdb,0.20
Target232_272.pdb,0.20
Target232_1472.pdb,0.20
Target232_126.pdb,0.20
Target232_311.pdb,0.19
Target232_1075.pdb,0.19
Target232_637.pdb,0.18
Target232_722.pdb,0.17
Target232_794.pdb,0.16
Target232_1049.pdb,0.16
Target232_579.pdb,0.15
Target232_542.pdb,0.15
Target232_1309.pdb,0.15
Target232_1221.pdb,0.15
Target232_756.pdb,0.14
Target232_1330.pdb,0.14
Target232_238.pdb,0.13
Target232_1300.pdb,0.12
Target232_609.pdb,0.10
Target232_940.pdb,0.08
Target232_618.pdb,0.08
Target232_1384.pdb,0.08
Target232_1159.pdb,0.08
Target232_947.pdb,0.07
Target232_863.pdb,0.07
Target232_1411.pdb,0.07
Target232_1092.pdb,0.07
Target232_634.pdb,0.06
Target232_119.pdb,0.06
Target232_929.pdb,0.05
Target232_1390.pdb,0.05
Target232_985.pdb,0.04
Target232_81.pdb,0.04
Target232_809.pdb,0.04
Target232_1141.pdb,0.04
Target232_1198.pdb,0.03
Target232_113.pdb,0.03
Target232_843.pdb,0.02
Target232_653.pdb,0.02
Target232_136.pdb,0.02
Target232_1196.pdb,0.02
Target232_1119.pdb,0.02
Target232_897.pdb,0.01
Target232_596.pdb,0.01
Target232_419.pdb,0.01
Target232_268.pdb,0.01
Target232_1335.pdb,0.01
Target232_1311.pdb,0.01
Target232_1010.pdb,0.01
Target232_980.pdb,0.00
Target232_950.pdb,-0.00
Target232_885.pdb,0.00
Target232_873.pdb,0.00
Target232_834.pdb,0.00
Target232_816.pdb,0.00
Target232_808.pdb,0.00
Target232_805.pdb,0.00
Target232_777.pdb,0.00
Target232_720.pdb,-0.00
Target232_7.pdb,0.00
Target232_687.pdb,0.00
Target232_643.pdb,0.00
Target232_614.pdb,0.00
Target232_598.pdb,0.00
Target232_568.pdb,-0.00
Target232_565.pdb,0.00
Target232_563.pdb,-0.00
Target232_559.pdb,0.00
Target232_5.pdb,-0.00
Target232_478.pdb,0.00
Target232_463.pdb,0.00
Target232_46.pdb,0.00
Target232_436.pdb,0.00
Target232_410.pdb,0.00
Target232_326.pdb,0.00
Target232_309.pdb,0.00
Target232_279.pdb,0.00
Target232_242.pdb,0.00
Target232_219.pdb,0.00
Target232_206.pdb,0.00
Target232_158.pdb,0.00
Target232_1495.pdb,0.00
Target232_1425.pdb,0.00
Target232_1413.pdb,0.00
Target232_1412.pdb,0.00
Target232_1403.pdb,0.00
Target232_1377.pdb,-0.00
Target232_1339.pdb,0.00
Target232_1331.pdb,0.00
Target232_1256.pdb,0.00
Target232_1239.pdb,0.00
Target232_708.pdb,-0.01
Target232_243.pdb,-0.01
Target232_230.pdb,-0.01
Target232_1163.pdb,-0.01
Target232_114.pdb,-0.01
Target232_754.pdb,-0.02
Target232_386.pdb,-0.02
Target232_345.pdb,-0.02
Target232_24.pdb,-0.02
Target232_1152.pdb,-0.02
Target232_27.pdb,-0.03
Target232_89.pdb,-0.04
Target232_883.pdb,-0.04
Target232_783.pdb,-0.04
Target232_723.pdb,-0.04
Target232_601.pdb,-0.04
Target232_308.pdb,-0.04
Target232_1272.pdb,-0.04
Target232_697.pdb,-0.05
Target232_485.pdb,-0.05
Target232_395.pdb,-0.05
Target232_1208.pdb,-0.05
Target232_1020.pdb,-0.05
Target232_99.pdb,-0.06
Target232_796.pdb,-0.06
Target232_461.pdb,-0.06
Target232_373.pdb,-0.06
Target232_338.pdb,-0.06
Target232_1484.pdb,-0.06
Target232_121.pdb,-0.06
Target232_1068.pdb,-0.06
Target232_626.pdb,-0.07
Target232_348.pdb,-0.08
Target232_228.pdb,-0.08
Target232_1489.pdb,-0.08
Target232_104.pdb,-0.10
Target232_511.pdb,-0.12
Target232_258.pdb,-0.13
Target232_1295.pdb,-0.13
Target232_507.pdb,-0.14
Target232_195.pdb,-0.18
Target232_969.pdb,-0.19
Target232_69.pdb,-0.19
Target232_193.pdb,-0.20
Target232_124.pdb,-0.20
Target232_0.pdb,-0.27
Target232_1360.pdb,-0.30
Target232_1440.pdb,-0.31
Target232_1400.pdb,-0.35
Target232_74.pdb,-0.36
Target232_745.pdb,-0.45
Target232_1011.pdb,-0.46
Target232_351.pdb,-0.56
Target232_341.pdb,-0.63
Target232_467.pdb,-0.65
Target232_128.pdb,-0.71
Target232_1492.pdb,-0.95
Target232_407.pdb,-0.97
Target232_548.pdb,-1.15
Target232_323.pdb,-1.40
Target232_902.pdb,-1.53
Target232_144.pdb,-1.62
Target232_39.pdb,-1.72
Target232_372.pdb,-2.67
Target232_692.pdb,-2.71
Target232_900.pdb,-2.99
Target232_1452.pdb,-4.14
Target232_1394.pdb,-4.23
Target232_1437.pdb,-5.27
Target232_137.pdb,-5.27
Target232_1212.pdb,-11.61
Target232_892.pdb,-21.23
